{
    "loss": 0.6566925048828125,
    "accuracy": 0.9396551847457886
}