{
    "loss": 0.5343465805053711,
    "accuracy": 0.9482758641242981
}